,Set,Accuracy
0,training,0.9368682638074496
1,test,0.9148534201954397
