,Set,Accuracy
0,training,0.9434578656391356
1,test,0.9139413680781759
