,Set,Accuracy
0,training,0.9268442508516223
1,test,0.916156351791531
