,Set,Accuracy
0,training,0.9310046350589155
1,test,0.9163517915309446
