,Set,Accuracy
0,training,0.9213994527279835
1,test,0.9164820846905537
